"","x"
"1","HQLQEC(+57.02)C(+57.02)NELK"
"2","C(+57.02)GMEPLEC(+57.02)K"
"3","AFGMELLR"
"4","LTVAEFTDR"
"5","HQLQEC(+57.02)C(+57.02)NELK"
"6","THLDDELYNQLVEK"
"7","LSFSC(+57.02)DLR"
"8","YLAEDQLQQGQLHGEESER"
"9","YLAEDQLQQGQLHGEESER"
"10","YLAEDQLQQGQLHGEESER"
"11","KDLSSC(+57.02)EQYLR"
"12","LPAAQFNDLPAC(+57.02)K"
"13","THLDDELYNQLVEK"
"14","QLQQGQLHGEESER"
"15","M(+15.99)C(+57.02)SAELEK"
"16","C(+57.02)EGLTYALGEK"
"17","TPEELLR"
"18","C(+57.02)PMAGTFYR"
"19","VFEAFR"
"20","ALNGAVEC(+57.02)DGKEPAK"
"21","VWVDKYGLVK"
"22","GC(+57.02)YGYDKVDTLR"
"23","LYAEDQLQQGQLHGEESER"
"24","A(+42.01)PAGLGLSHGYNPR"
"25","C(+57.02)C(+57.02)FFLGR"
